<?xml version="1.0" encoding="UTF-8"?>
<Configuration>
   <Appenders>
      <!-- Console Appender -->
      <Console name="Console" target="SYSTEM_OUT">
         <PatternLayout pattern="%d{yyyy-MMM-dd HH:mm:ss a} [%t] %-5level %logger{36} - %msg%n" />
      </Console>
   </Appenders>
   <Loggers>
      <!-- Log everything in hibernate -->
      <Logger name="org.hibernate.engine.jdbc.batch.internal.BatchingBatch" level="debug" additivity="false">
         <AppenderRef ref="Console" />
      </Logger>
      <Root level="error">
         <AppenderRef ref="Console" />
      </Root>
   </Loggers>
</Configuration>